type,epsilon,ari,ami,ch,sc
"KMeans(clusters=4, init=k-means++)",9,0.7538753250484892,0.6796575752340586,538.5854140226186,0.42114329894042235
