type,epsilon,ari,ami,ch,sc
"KMeans(clusters=4, init=k-means++)",9,0.6017329089206848,0.6217255322331094,1696.4332134923516,0.5346353797458232
