type,epsilon,ari,ami,ch,sc
"KMeans(clusters=4, init=k-means++)",9,0.45586458534867563,0.616842599540254,977.331295329002,0.4694489872370908
