,epsilon,distance
0,0.05,36.10422559999999
1,0.1,16.4789474
2,0.5,3.49823212
3,1.0,2.100088
4,2.0,0.96790513
5,3.0,0.6636593599999999
6,5.0,0.431733104
7,7.0,0.26648192000000004
8,9.0,0.21668776
