,epsilon,distance
0,0.05,3.6907056000000007
1,0.5,2.4747316
2,1.0,1.6795639400000002
3,2.0,0.9182576600000002
4,3.0,0.6926685333333334
5,6.0,0.31496662666666664
