,epsilon,distance
0,0.05,3.6068612
1,0.5,2.54915276
2,1.0,1.75651644
3,2.0,0.7104691
4,3.0,0.6388620933333333
5,6.0,0.28953467000000005
