,epsilon,distance
0,0.05,3.76633
1,0.1,3.2974240000000004
2,0.5,2.41684684
3,1.0,1.4157094199999998
4,2.0,0.8991041300000002
5,3.0,0.6801002333333335
6,5.0,0.4453787920000001
7,7.0,0.25959503142857143
8,9.0,0.18454820000000005
