,epsilon,distance
0,0.05,3.533753599999999
1,0.5,2.30606368
2,1.0,1.5377041
3,2.0,0.86409045
4,3.0,0.6238546466666667
5,6.0,0.35063326000000006
