,epsilon,distance
0,0.05,3.737541523809524
1,0.1,3.6333671904761906
2,0.5,2.4347949238095237
3,1.0,1.5224169714285716
4,2.0,0.8548462333333334
5,3.0,0.5825823333333333
6,5.0,0.4051904047619048
7,7.0,0.263373905442177
8,9.0,0.21277875079365094
